Внесение,Дата,В день,Осталось дней,Осталось,Примечание
1000,2023-10-31,1715.5172413793102,116,199000,test 1
1000,2023-10-31,1706.896551724138,116,198000,test 2
1000,2023-10-31,1698.2758620689656,116,197000,test 3
1000,2023-10-31,1689.655172413793,116,196000,test 3
1000,2023-10-31,1681.0344827586207,116,195000,test 4
2000,2023-10-31,1663.7931034482758,116,193000,test 5
1000,2023-10-31,1655.1724137931035,116,192000,тест 6
1000,2023-10-31,1646,116,191000,ghb
1000,2023-10-31,1637,116,190000,hhl;k;lk
